estoque_id,hospital_id,medicamento_id,quantidade_disponivel,data_validade,numero_lote,localizacao_armazenamento,data_ultima_atualizacao
1,2,31,561,2028-01-13,LOTE-05936660,Prateleira B,2026-05-20 21:18:17
2,2,29,302,2027-07-01,LOTE-46032524,Armario 3,2026-05-20 21:18:17
3,2,29,418,2027-11-12,LOTE-29275397,Prateleira A,2026-05-20 21:18:17
4,3,6,703,2027-10-21,LOTE-34563973,Armario 3,2026-05-20 21:18:17
5,3,26,646,2026-07-10,LOTE-02550649,Prateleira A,2026-05-20 21:18:17
6,2,5,727,2028-03-18,LOTE-44606143,Armario 3,2026-05-20 21:18:17
7,3,25,527,2027-07-11,LOTE-52479337,Prateleira A,2026-05-20 21:18:17
8,1,36,597,2026-10-28,LOTE-87176860,Prateleira A,2026-05-20 21:18:17
9,3,29,110,2027-05-17,LOTE-65909322,Refrigerador 1,2026-05-20 21:18:17
10,2,25,187,2028-01-06,LOTE-36850804,Prateleira A,2026-05-20 21:18:17
11,3,35,830,2027-10-24,LOTE-68732995,Prateleira B,2026-05-20 21:18:17
12,1,38,356,2027-11-06,LOTE-12886515,Armario 3,2026-05-20 21:18:17
13,1,21,525,2026-10-20,LOTE-88778320,Armario 3,2026-05-20 21:18:17
14,2,13,829,2027-07-11,LOTE-19683413,Prateleira A,2026-05-20 21:18:17
15,2,3,589,2028-02-11,LOTE-60137342,Armario 3,2026-05-20 21:18:17
16,3,15,743,2027-11-19,LOTE-06955214,Prateleira A,2026-05-20 21:18:17
17,3,32,460,2027-01-16,LOTE-84515793,Prateleira A,2026-05-20 21:18:17
18,2,34,937,2027-03-31,LOTE-15179384,Armario 3,2026-05-20 21:18:17
19,3,44,111,2026-12-03,LOTE-82311563,Refrigerador 1,2026-05-20 21:18:17
20,2,49,206,2026-07-25,LOTE-24305280,Prateleira B,2026-05-20 21:18:17
21,3,17,64,2028-04-07,LOTE-49208928,Prateleira A,2026-05-20 21:18:17
22,3,10,785,2027-05-25,LOTE-65943597,Prateleira A,2026-05-20 21:18:17
23,1,27,814,2027-03-09,LOTE-92697717,Prateleira A,2026-05-20 21:18:17
24,1,18,580,2026-08-21,LOTE-56125185,Prateleira B,2026-05-20 21:18:17
25,3,32,642,2026-10-20,LOTE-00594321,Prateleira A,2026-05-20 21:18:17
26,1,23,352,2027-06-07,LOTE-62255816,Prateleira A,2026-05-20 21:18:17
27,1,26,534,2027-03-21,LOTE-44499566,Armario 3,2026-05-20 21:18:17
28,3,13,348,2028-03-30,LOTE-68088591,Armario 3,2026-05-20 21:18:17
29,3,20,984,2027-05-07,LOTE-71802390,Refrigerador 1,2026-05-20 21:18:17
30,3,12,193,2028-04-07,LOTE-94246417,Prateleira B,2026-05-20 21:18:17
31,2,17,125,2028-01-19,LOTE-33274869,Prateleira A,2026-05-20 21:18:17
32,1,38,212,2028-04-30,LOTE-93859995,Armario 3,2026-05-20 21:18:17
33,2,25,314,2028-02-25,LOTE-28147141,Prateleira B,2026-05-20 21:18:17
34,3,28,600,2028-02-08,LOTE-06528324,Prateleira A,2026-05-20 21:18:17
35,2,49,710,2027-08-19,LOTE-68525174,Refrigerador 1,2026-05-20 21:18:17
36,1,18,779,2027-08-17,LOTE-79970042,Prateleira B,2026-05-20 21:18:17
37,3,41,982,2027-07-12,LOTE-97947296,Prateleira B,2026-05-20 21:18:17
38,3,21,388,2026-11-20,LOTE-96912202,Armario 3,2026-05-20 21:18:17
39,1,3,828,2026-11-22,LOTE-41911157,Prateleira A,2026-05-20 21:18:17
40,2,25,328,2026-12-01,LOTE-24716391,Prateleira B,2026-05-20 21:18:17
41,2,38,999,2027-10-06,LOTE-00029678,Refrigerador 1,2026-05-20 21:18:17
42,1,14,685,2028-05-06,LOTE-39927103,Armario 3,2026-05-20 21:18:17
43,2,21,136,2027-07-02,LOTE-86979542,Prateleira A,2026-05-20 21:18:17
44,3,4,377,2027-08-05,LOTE-98616343,Prateleira B,2026-05-20 21:18:17
45,1,8,433,2026-09-06,LOTE-52341872,Prateleira B,2026-05-20 21:18:17
46,1,47,731,2027-05-31,LOTE-47502651,Refrigerador 1,2026-05-20 21:18:17
47,1,44,521,2027-10-02,LOTE-35523309,Prateleira B,2026-05-20 21:18:17
48,3,23,514,2027-03-13,LOTE-02572388,Refrigerador 1,2026-05-20 21:18:17
49,1,19,226,2027-01-25,LOTE-14222639,Refrigerador 1,2026-05-20 21:18:17
50,1,19,637,2027-12-20,LOTE-66858080,Prateleira B,2026-05-20 21:18:17
51,2,33,32,2027-07-10,LOTE-40925659,Refrigerador 1,2026-05-20 21:18:17
52,2,7,541,2027-09-01,LOTE-02393011,Refrigerador 1,2026-05-20 21:18:17
53,1,39,100,2026-09-04,LOTE-77178968,Armario 3,2026-05-20 21:18:17
54,2,14,149,2027-07-28,LOTE-44274506,Prateleira A,2026-05-20 21:18:17
55,1,50,830,2026-09-02,LOTE-91046137,Prateleira A,2026-05-20 21:18:17
56,2,15,444,2027-10-27,LOTE-27731415,Prateleira B,2026-05-20 21:18:17
57,1,5,620,2026-11-12,LOTE-22702219,Refrigerador 1,2026-05-20 21:18:17
58,2,35,304,2028-04-20,LOTE-52636724,Prateleira A,2026-05-20 21:18:17
59,1,36,652,2027-10-06,LOTE-65873691,Prateleira A,2026-05-20 21:18:17
60,2,46,165,2027-03-19,LOTE-51109663,Prateleira A,2026-05-20 21:18:17
61,3,11,967,2027-08-02,LOTE-44656405,Prateleira B,2026-05-20 21:18:17
62,1,8,966,2028-02-13,LOTE-02197387,Armario 3,2026-05-20 21:18:17
63,3,11,159,2027-02-25,LOTE-15659596,Armario 3,2026-05-20 21:18:17
64,3,50,803,2026-12-02,LOTE-65651294,Armario 3,2026-05-20 21:18:17
65,3,2,527,2026-07-27,LOTE-92684238,Armario 3,2026-05-20 21:18:17
66,3,29,647,2028-03-07,LOTE-33916972,Prateleira B,2026-05-20 21:18:17
67,3,2,758,2027-08-23,LOTE-73092078,Armario 3,2026-05-20 21:18:17
68,2,37,335,2028-04-29,LOTE-91178098,Prateleira B,2026-05-20 21:18:17
69,3,32,538,2027-03-19,LOTE-39425105,Prateleira B,2026-05-20 21:18:17
70,3,2,278,2027-09-01,LOTE-08007681,Refrigerador 1,2026-05-20 21:18:17
71,3,14,662,2026-11-24,LOTE-74402185,Armario 3,2026-05-20 21:18:17
72,2,41,489,2028-01-24,LOTE-50767391,Prateleira B,2026-05-20 21:18:17
73,3,8,195,2027-08-29,LOTE-15639177,Refrigerador 1,2026-05-20 21:18:17
74,1,3,243,2027-06-26,LOTE-72773794,Armario 3,2026-05-20 21:18:17
75,1,48,604,2027-05-02,LOTE-53663387,Prateleira A,2026-05-20 21:18:17
76,1,23,860,2026-07-21,LOTE-84250481,Armario 3,2026-05-20 21:18:17
77,3,14,978,2026-11-26,LOTE-33073699,Refrigerador 1,2026-05-20 21:18:17
78,2,46,261,2027-10-16,LOTE-93857056,Prateleira B,2026-05-20 21:18:17
79,3,22,841,2027-06-25,LOTE-42475567,Armario 3,2026-05-20 21:18:17
80,3,32,699,2027-11-14,LOTE-75079160,Armario 3,2026-05-20 21:18:17
81,1,39,735,2027-05-23,LOTE-40271510,Prateleira A,2026-05-20 21:18:17
82,2,15,101,2028-04-09,LOTE-80084377,Refrigerador 1,2026-05-20 21:18:17
83,1,9,83,2027-01-03,LOTE-05870255,Prateleira A,2026-05-20 21:18:17
84,1,21,91,2028-01-10,LOTE-06877916,Armario 3,2026-05-20 21:18:17
85,1,14,515,2027-02-05,LOTE-44495988,Armario 3,2026-05-20 21:18:17
86,2,50,964,2028-01-08,LOTE-90341399,Prateleira A,2026-05-20 21:18:17
87,1,7,161,2027-02-10,LOTE-17523337,Refrigerador 1,2026-05-20 21:18:17
88,3,21,708,2027-08-08,LOTE-50892039,Prateleira B,2026-05-20 21:18:17
89,2,5,641,2027-04-19,LOTE-52898539,Prateleira B,2026-05-20 21:18:17
90,2,44,461,2028-02-01,LOTE-52965654,Armario 3,2026-05-20 21:18:17
91,3,26,998,2026-11-05,LOTE-63098019,Refrigerador 1,2026-05-20 21:18:17
92,3,40,70,2027-02-04,LOTE-45315448,Armario 3,2026-05-20 21:18:17
93,1,45,28,2028-03-31,LOTE-71953384,Prateleira B,2026-05-20 21:18:17
94,3,50,338,2028-05-07,LOTE-17191276,Armario 3,2026-05-20 21:18:17
95,3,5,335,2026-07-03,LOTE-99878250,Prateleira A,2026-05-20 21:18:17
96,3,12,620,2028-03-12,LOTE-85943474,Prateleira A,2026-05-20 21:18:17
97,3,19,209,2026-07-02,LOTE-26569113,Prateleira A,2026-05-20 21:18:17
98,1,43,538,2028-01-08,LOTE-06210846,Armario 3,2026-05-20 21:18:17
99,1,37,637,2027-01-01,LOTE-14124906,Prateleira B,2026-05-20 21:18:17
100,2,2,902,2028-03-17,LOTE-29202812,Prateleira B,2026-05-20 21:18:17
